Response ID,AmorphousEndpoint,AmorphousEndpointURating,AmorphousEndpointRRating,ContextlessResource,ContextlessResourceURating,ContextlessResourceRRating,CRUDyEndpoint,CRUDyEndpointURating,CRUDyEndpointRRating,InconsistentDoc,InconsistentDocURating,InconsistentDocRRating,NonDescriptiveEndpoint,NonDescriptiveEndpointURating,NonDescriptiveEndpointRRating,NonHierarchicalNodes,NonHierarchicalNodesURating,NonHierarchicalNodesRRating,NonPertinentDoc,NonPertinentDocURating,NonPertinentDocRRating,NonStandardEndpoint,NonStandardEndpointURating,NonStandardEndpointRRating,PluralizedNodes,PluralizedNodesURating,PluralizedNodesRRating,UnversionedEndpoint,UnversionedEndpointURating,UnversionedEndpointRRating,ParameterTunneling,ParameterTunnelingURating,ParameterTunnelingRRating,InconsistentArchetype,InconsistentArchetypeURating,InconsistentArchetypeRRating,IdentifierAmbiguity,IdentifierAmbiguityURating,IdentifierAmbiguityRRating,FlatEndpoint,FlatEndpointURating,FlatEndpointRRating,TidyEndpoint,TidyEndpointURating,TidyEndpointRRating,ContextualResource,ContextualResourceURating,ContextualResourceRRating,VerblessEndpoint,VerblessEndpointURating,VerblessEndpointRRating,ConsistentDoc,ConsistentDocURating,ConsistentDocRRating,DescriptiveEndpoint,DescriptiveEndpointURating,DescriptiveEndpointRRating,HierarchicalNodes,HierarchicalNodesURating,HierarchicalNodesRRating,PertinentDoc,PertinentDocURating,PertinentDocRRating,StandardEndpoint,StandardEndpointURating,StandardEndpointRRating,SingularizedNodes,SingularizedNodesURating,SingularizedNodesRRating,VersionedEndpoint,VersionedEndpointURating,VersionedEndpointRRating,ParameterAdherence,ParameterAdherenceURating,ParameterAdherenceRRating,ConsistentArchetype,ConsistentArchetypeURating,ConsistentArchetypeRRating,IdentifierAnnotation,IdentifierAnnotationURating,IdentifierAnnotationRRating,StructuredEndpoint,StructuredEndpointURating,StructuredEndpointRRating,Country,Profession,DeveloperPerspective,is_Developer,is_Student,is_Academia,is_Canada,YearsOfExperience,RichardsonMaturity,MaturityLevel,Your perspective on current API design guidelines and practices. ,Do poor linguistic design practices impact the understandability and readability of APIs? ,Do API design practices impact the understandability and readability of APIs? ,Are you happy with the survey design? ,How can we improve our survey design? ,AmorphousEndpointTime,ContextlessResourceTime,CRUDyEndpointTime,InconsistentDocTime,NonDescriptiveEndpointTime,NonHierarchicalNodesTime,NonPertinentDocTime,NonStandardEndpointTime,PluralizedNodesTime,UnversionedEndpointTime,ParameterTunnelingTime,InconsistentArchetypeTime,IdentifierAmbiguityTime,FlatEndpointTime,TidyEndpointTime,ContextualResourceTime,VerblessEndpointTime,ConsistentDocTime,DescriptiveEndpointTime,HierarchicalNodesTime,PertinentDocTime,StandardEndpointTime,SingularizedNodesTime,VersionedEndpointTime,ParameterAdherenceTime,ConsistentArchetypeTime,IdentifierAnnotationTime,StructuredEndpointTime
56,0,4,5,0,5,5,1,5,5,1,5,5,0,5,5,1,5,5,0,5,5,1,5,5,0,5,5,1,5,5,0,5,5,0,5,5,0,5,5,0,5,5,1,5,5,0,5,5,1,5,5,1,5,5,0,5,5,1,5,5,1,5,5,0,5,5,1,5,5,1,5,5,1,5,5,1,5,5,0,5,5,0,5,5,India,Student,API developer / designer,0,1,0,0,0,0,2,None,Yes,Yes,1,Nothing,90.52,15.72,17.88,14.33,24.5,22.14,29.61,27.22,16.46,43.23,11.43,54.68,28.05,179.95,12.21,34.7,110.11,70.9,27.42,125.18,24.38,28.68,10.34,18.44,21.62,9.93,9.29,9.33
69,1,3,3,1,2,2,0,1,1,0,1,1,0,1,1,0,3,2,0,3,3,0,2,2,1,2,2,1,2,1,0,2,2,0,2,2,1,2,2,1,2,2,1,2,1,1,2,1,1,1,1,1,2,1,0,2,3,0,2,3,0,2,2,1,2,2,1,2,2,1,2,1,1,2,2,0,2,2,1,2,2,1,2,1,India,Student,Both API user and developer,0,1,0,0,0,0,2,,yes,yes,1,,52.02,25.51,20.43,10.38,11.27,21.53,10.54,9.66,12.59,17.63,20.07,12.91,53.2,10.09,9.19,22.65,15.11,9.32,25.18,33.26,61.65,10.92,18.96,14.36,14.68,16.84,16.04,10.51
73,0,3,1,1,1,1,1,1,1,0,2,2,0,1,1,1,2,2,0,3,3,0,3,3,0,5,5,1,2,2,1,5,5,0,3,3,0,5,5,0,4,4,1,4,4,1,2,2,1,3,3,0,2,5,0,2,2,1,1,1,1,1,1,0,2,2,0,5,5,1,1,1,1,2,2,0,2,2,0,3,3,1,3,3,Ireland,Software Engineer / Developer,Other,1,0,0,0,0,0,1,,,,1,,53.53,18.79,15.36,13.25,24.11,19.4,30.82,17.12,30.17,14.88,32.38,26.94,58.64,19.12,15.1,18.5,20.88,12.66,11.88,12.11,13,14.28,9.62,13.82,14.88,11.16,14.09,9.31
75,1,1,1,1,1,1,1,1,1,0,1,1,0,1,1,1,1,1,0,1,1,1,1,1,1,1,1,1,1,1,0,1,1,0,1,1,0,1,1,1,1,2,1,1,2,1,1,1,1,1,2,1,1,1,1,1,2,1,1,3,1,2,4,1,1,1,1,2,2,1,1,2,1,2,1,0,1,1,0,1,2,1,2,3,India,Software Engineer / Developer,Both API user and developer,1,0,0,0,3,0,2,,,,1,,22.03,11.85,17.89,21.23,29.08,21.7,43.12,12.35,30.04,25.92,41.16,21.21,25.32,19.57,15.17,13.88,21.78,14.42,13.05,19.88,25.91,11.92,15.27,14.3,18.36,14.7,33.27,27.32
82,0,2,2,1,2,2,0,3,3,1,3,3,1,3,3,1,3,3,1,3,3,1,3,3,1,3,3,1,3,3,0,3,3,1,3,3,1,3,3,0,3,3,1,3,3,0,3,3,0,3,3,0,3,3,1,3,3,1,3,3,1,3,3,1,3,3,1,3,3,1,3,3,1,3,3,0,3,3,0,3,3,0,3,3,Pakistan,Student,,0,1,0,0,0,0,1,,,,1,,34.88,16.45,12.83,6.65,7.43,6.98,13.59,9.58,7.1,14.31,7.63,6.48,6.77,6.18,5.62,6.28,6.24,6.16,5.18,5.11,5.14,9.02,5.52,5.57,5.48,5.81,7.53,9.77
88,0,4,3,1,1,1,1,2,2,0,3,2,0,3,2,1,1,1,0,5,3,0,3,3,0,4,4,1,3,3,0,3,3,1,1,1,0,3,3,1,2,3,1,3,2,1,1,1,1,2,2,1,2,1,0,2,2,1,1,1,0,4,4,0,3,3,1,3,3,1,3,3,1,3,3,1,2,2,0,3,3,1,2,2,Sweden,Student,API user / client developer,0,1,0,0,0,0,3,-,"Heavily. Language, grammar and correctness play a huge part in how and API or any software is understood by both the user and other developers. Proper use of ""linguistics"" is paramount.","Yes, one should always strive to simplify all stages of design and improve the abstractions to improve the understandability and readability.",1,"Improve the grammar/design, or ""linguistics"" of the questions with multiple choice answers.",586.85,16.23,18.59,27.82,32.18,26.89,44.79,46.48,46.66,31.71,17.05,25.04,26.53,47.02,28.23,10.26,16.89,12.73,14.4,8.9,5.84,7.82,10.74,11.77,15.22,16.35,13.32,11.78
90,1,4,2,1,1,1,1,2,1,0,4,1,1,4,1,0,4,3,0,5,3,1,2,2,1,2,2,1,5,2,0,5,5,0,3,2,0,2,4,1,4,4,1,3,3,1,1,1,1,3,3,1,3,3,0,3,1,1,1,1,1,3,2,1,1,1,1,1,1,1,1,1,1,3,4,0,1,1,1,1,1,1,1,1,Sweden,Student,Both API user and developer,0,1,0,0,1,0,1,,Yes. Poor linguistic design can make instructions ambiguous and unclear.,,1,,129.88,41.71,28.43,28.68,46.73,50.02,46.14,33.17,17.08,34.56,20.35,43.53,37.07,23.72,29.9,16.96,29.9,29.47,18.39,24.52,24.91,12.56,14.42,16.28,14.35,16.45,33.56,16.65
93,1,2,2,1,2,2,0,2,2,1,1,1,0,1,1,0,1,1,0,1,1,1,1,1,0,1,1,1,1,1,0,2,2,0,2,2,0,2,2,1,2,2,1,1,1,1,1,1,1,1,1,0,2,1,0,2,2,1,2,2,1,1,1,1,1,1,0,1,1,1,1,1,1,1,1,0,1,1,0,1,1,1,2,2,INDIA,Software Engineer / Developer,API tester,1,0,0,0,2,1,2,,"Yes, it'll ",Yes,1,The survey is good and it enhances the understandablity of APIs,356.13,106.58,87.74,46.74,155.25,150.45,209.46,105.36,82.19,29.65,223.37,105.4,197.05,180.32,26.21,31.3,37.63,82.65,33.08,111.51,32.84,107.74,35.36,23.46,32.24,37.36,51.51,15.57
94,1,1,1,0,1,1,0,1,1,1,1,1,1,1,1,0,1,1,0,1,1,1,1,1,0,1,1,1,1,1,0,1,1,0,1,1,0,2,2,1,2,2,1,1,1,1,1,1,1,1,1,0,1,1,0,1,1,1,1,1,1,1,1,1,1,1,0,1,1,1,1,1,1,1,1,1,1,1,0,1,1,1,1,1,India ,Software Engineer / Developer,API tester,1,0,0,0,1.5,1,2,It is simple and effective to use,"Yes, It does ","Yes, better understanding in readability of APIs creates a better impact on API design practice ",1,No it's good. The question was easy to understand and improves the understanding of API ,168.25,13.87,12.61,11.03,13.66,8.61,10.41,9.39,10.65,12.27,10.22,8.7,10.09,9.15,8.16,7.49,8.97,8.19,8.17,42.88,11.22,6.42,8.04,8.65,9.16,10.73,9.76,8.79
95,1,1,2,1,1,2,0,4,1,0,3,5,0,3,2,1,2,1,0,5,2,1,3,2,1,2,1,1,2,2,0,4,2,0,4,2,1,2,2,1,3,5,1,3,2,1,2,2,1,1,1,1,3,5,0,3,2,1,3,1,1,2,1,1,2,1,1,2,1,1,2,3,1,2,1,0,2,1,1,2,2,1,3,2,Canada,Teaching (Professor),API user / client developer,0,0,1,1,9,1,3,Current API design guidelines and practices are vague and not easy to follow and digest. That's one reason why developers tend to avoid them.,"Yes overall, but if developers spend significant time and effort, they can also figure out purpose of an API or endpoint.","Yes, I think.",1,I think it's a very odd question to ask for a participant during a survey!,85.77,38.15,21.03,16.91,25.22,43.46,62.83,18.89,25.75,16.97,27.9,35.42,22.59,39.19,14.27,21.13,11.55,14.83,13.92,29.12,27.23,11.96,15.83,12.89,11.77,24.27,9.55,29.86
96,0,4,4,0,4,5,0,3,4,1,3,4,0,5,5,0,4,5,0,5,4,0,5,4,1,4,3,0,4,4,0,4,5,0,4,4,0,4,5,0,5,5,1,2,2,1,1,1,1,2,1,1,1,1,1,1,2,1,1,1,1,2,1,1,1,1,1,1,1,1,1,1,1,1,1,1,1,2,1,1,1,1,1,1, Bangladesh,Student,API user / client developer,0,1,0,0,2,1,2,n/a,Yes,Yes,1,n/a,56.15,10.3,19.1,13.9,19.64,16.2,11.2,12.59,9.98,15.05,21.86,10.06,21.84,12.8,15.77,24.92,20.12,10.5,16.84,13.1,21.36,18.47,18.67,11.99,12.6,24.91,15.97,43.13
98,1,1,1,1,1,1,1,3,3,1,2,2,1,4,3,1,4,4,0,5,5,1,5,5,1,3,3,1,2,2,1,4,4,0,4,4,1,2,2,1,2,2,1,2,2,1,2,2,1,3,3,1,2,2,1,2,2,1,1,1,1,2,2,1,2,2,0,2,2,1,1,1,1,4,4,1,2,2,1,2,2,1,2,2,India ,Software Engineer / Developer,Both API user and developer,1,0,0,0,3,0,3,,,,1,,32.17,10.88,31.52,24.84,31.04,47.16,22.39,11.02,12.15,11.96,13.9,19.25,2182.61,15.94,16.5,17.54,43.17,11.31,26.33,11.91,16.24,11.3,11.23,6.76,10.1,11.71,7.86,9.34
99,0,4,4,1,4,5,0,4,5,1,5,5,0,4,4,1,4,5,0,4,5,0,5,4,0,4,4,0,3,4,0,4,5,0,4,5,1,4,4,0,4,5,1,2,1,1,1,1,1,1,1,1,1,1,1,1,1,1,1,2,1,1,1,1,2,1,1,1,1,1,2,1,1,1,1,1,1,1,1,2,1,1,1,1,India,Software Engineer / Developer,Both API user and developer,1,0,0,0,5,1,3,,,,1,,10.13,20.08,21.5,10.96,19.48,9.26,6.48,10.8,20.07,23.06,23.47,21.37,23.7,11.99,13.95,13.45,31.11,5.88,16.12,14.51,21.63,18.78,28.77,8.85,9.4,10.65,34.26,14.73
100,0,4,3,0,4,4,0,4,4,0,4,5,0,5,5,0,4,5,0,4,4,0,4,5,0,4,4,0,4,3,0,4,4,0,3,3,1,3,3,1,4,5,1,2,1,1,1,1,1,1,2,1,2,1,1,2,2,1,2,1,1,2,1,1,1,2,1,2,1,1,1,1,1,1,1,1,2,2,1,1,1,1,1,1,Canada,Student,API user / client developer,0,1,0,1,3,1,1,,,,0,,50.21,35.08,32.54,32.34,25.53,14.24,23.17,16.54,11.41,19.41,12.11,17.94,26.72,15.17,25.07,12.87,21.69,23.31,26.56,18.51,21.98,17.12,29.06,19.97,18.28,30.37,43.98,43.91
101,1,4,4,1,5,4,0,4,5,0,4,4,0,4,5,1,4,3,0,4,4,0,4,4,0,4,4,0,4,3,0,3,4,1,4,4,1,4,3,0,5,5,1,1,2,1,2,3,1,2,2,1,1,1,1,1,1,1,1,1,1,2,1,0,1,2,1,2,1,1,2,3,1,2,1,0,1,2,1,1,1,1,2,1,Bangladesh,Software Engineer / Developer,API developer / designer,1,0,0,0,3,1,2,,,,1,,10.62,70.59,15.79,11.45,14.14,8.55,42.26,21.38,39.67,11.3,11.89,57.07,8.75,8.17,15.54,45.99,9.78,7.67,10.27,16.4,33.86,13.19,9.89,54.4,25.73,12.82,10.69,58.23
103,0,4,5,0,4,4,0,4,4,0,4,3,1,3,3,1,3,3,1,3,4,0,4,4,0,4,4,1,3,3,1,4,3,1,3,3,1,3,3,1,3,4,1,2,2,1,1,1,0,1,1,1,1,1,1,1,1,0,1,2,1,1,2,1,1,1,1,2,2,1,2,2,1,1,1,1,2,2,1,2,2,1,1,1,Canada,Software Engineer / Developer,API developer / designer,1,0,0,1,4,0,1,,,,1,,14.14,17.09,10.12,8.15,54.69,61.36,10.59,7.12,33.44,9.43,16.53,55.56,9.06,11.37,15.89,14.99,44.18,11.75,9.35,7.41,5.04,6.06,5.74,10.36,5.95,12.57,9.23,11.98
105,1,4,3,0,4,4,0,4,3,1,4,4,1,3,3,1,4,4,0,3,4,1,4,4,1,3,4,1,4,4,1,4,3,1,4,4,1,4,4,1,4,5,1,2,1,1,1,1,1,2,2,1,2,1,1,2,1,1,1,1,1,2,1,1,2,1,1,1,1,1,1,1,1,2,1,1,2,1,1,1,1,1,2,1,Canada,Student,API user / client developer,0,1,0,1,2,0,1,,,,1,,9.14,114.71,9.13,13.27,13.94,10.49,77.11,12.15,27.22,6.4,9.61,5.94,9.21,12.27,8.68,9.78,12.08,7.59,10.36,34.59,6.04,8.79,15.21,14.65,8.17,13.89,5.89,7.55
106,1,3,3,1,4,3,1,3,3,0,4,4,0,4,4,0,4,5,0,4,4,0,4,4,1,3,3,1,4,3,1,3,3,0,4,4,1,4,3,0,4,4,1,1,1,1,1,1,1,1,2,1,1,1,1,1,2,1,1,1,1,2,1,1,1,1,1,1,1,1,2,1,1,1,1,1,2,2,1,2,1,1,1,1,Bangladesh,Software Engineer / Developer,API user / client developer,1,0,0,0,2,0,1,,,,1,,27.85,9.11,43.73,18.33,44.93,17.3,50.55,18.23,20.67,26.18,8.17,13.27,19.3,8.88,42.67,12.72,12.81,39.76,12.72,18.52,22.46,15.8,28.6,11.21,17.42,10.71,11.35,13.13
107,1,3,3,1,4,3,0,4,4,0,3,3,0,4,5,0,4,3,0,4,4,0,4,5,1,4,5,0,4,4,1,4,5,0,3,4,1,4,4,1,4,5,1,1,1,1,4,5,1,2,2,1,1,1,1,1,1,0,1,1,0,1,2,0,1,1,1,2,2,1,2,1,0,2,2,0,2,2,1,2,2,1,2,3,Canada,Student,API user / client developer,0,1,0,1,2,1,2,,,,1,,73.7,9.64,13.48,40.78,51.55,20.85,75.09,15.46,7.74,6.36,14.13,83.38,25.47,31.83,32.3,55.58,31.26,10.95,17.01,21.88,59.74,34.96,6.5,10.27,9.68,12.27,11.23,11.48
108,0,4,3,0,4,3,0,4,4,0,3,3,1,3,3,0,3,2,0,3,3,1,4,5,1,4,3,0,4,4,0,4,3,0,4,3,0,4,3,0,3,4,1,1,2,0,1,1,0,2,2,1,1,1,0,1,1,1,2,1,1,2,2,1,2,1,0,2,1,1,1,1,1,2,1,1,1,2,1,2,1,1,2,1,Canada,Software Engineer / Developer,API developer / designer,1,0,0,1,3,1,3,,,,1,,21.24,6.9,8.47,9.4,26.81,60.95,17.56,10.11,72.31,57.75,25.46,63.15,66.82,6.24,24.88,94.46,8.84,7.98,11.47,41.99,9.12,8.79,10.31,9.9,31.53,16.87,19.7,8.58
109,0,3,3,1,4,4,1,4,4,1,4,4,1,4,4,1,3,3,0,4,3,1,3,4,0,4,4,0,3,3,0,4,4,0,4,4,1,3,3,1,3,3,1,2,1,1,1,1,1,1,1,1,1,2,1,1,1,1,1,2,0,2,2,1,1,1,1,1,1,1,1,2,1,3,3,0,2,2,1,1,1,1,1,2,Canada,Student,API user / client developer,0,1,0,1,1,0,1,,,,1,,5.18,142.26,34.83,21.63,48.72,49.03,31.18,35.82,28.66,68.94,35.43,36.18,27.06,66.92,24.43,34.22,66.32,56.62,68.71,9.15,7.47,41.53,35.97,30.68,15.64,51.48,58.79,47.15
121,1,3,2,1,1,1,0,1,1,1,1,1,0,2,2,1,1,1,0,2,2,1,2,2,0,2,2,1,2,1,0,1,1,0,2,2,0,1,1,1,2,1,1,1,1,1,2,2,1,1,1,1,1,2,1,1,1,1,2,2,1,2,2,0,2,2,0,1,1,1,1,1,1,1,1,0,1,1,0,1,2,1,2,2,Bangladesh ,Student,Other,0,1,0,0,0,0,2,Its really great from what I've seen,"Yes, they hamper our comprehensiveness",Yes,1,By giving some examples upfront as a heads up,68.9,21.99,18.68,13.79,13,22.88,17.58,10.85,26.14,26.22,15.62,19.87,19.25,12.54,13.1,12.7,11.54,10.53,13.9,15.3,13.96,8.75,13.58,10.38,7.46,17.71,10.45,15.97
154,0,5,3,0,3,3,0,3,2,0,4,5,1,2,2,0,2,2,1,3,4,1,3,4,0,2,1,1,2,5,0,2,1,0,3,4,0,3,4,1,3,5,1,1,2,1,1,1,1,2,1,1,2,1,0,2,2,1,1,1,1,3,1,1,2,3,1,2,2,1,3,2,1,1,1,0,2,2,1,2,2,1,1,2,Bangladesh,Student,Other,0,1,0,0,0,0,2,,,,1,,158.48,89.26,36.9,23.64,38.61,39.84,40.91,22.24,16.15,40.4,20.84,56.06,32.22,30.75,12.51,21.54,20.8,12.95,18.39,25.15,28.29,19.38,21.45,22.16,19.75,26.72,27.8,28.1
155,1,1,1,0,1,1,1,1,1,1,1,1,0,1,1,0,1,1,0,1,1,0,1,1,0,1,1,0,1,1,1,1,1,0,1,1,1,1,1,0,1,1,1,1,1,0,1,1,1,1,1,1,1,1,0,1,1,0,1,1,1,1,1,0,1,1,1,1,1,0,1,1,1,1,1,0,1,1,1,1,1,0,1,1,Bangladesh,Student,student,0,1,0,0,0,0,1,i have no idea,yes,yes,1,update design's thougt,44.79,50.55,16.19,12.62,12.15,23,15.88,12.69,24.57,11.4,12.17,16.93,17.8,13.45,14.66,11.85,15.56,9.56,12.08,15.65,15.99,12.81,11.99,11.77,16.95,12.3,16.43,11.86
163,0,3,3,0,3,3,0,4,4,1,2,2,0,3,2,1,3,3,0,3,3,0,2,2,1,3,3,1,2,2,1,2,2,1,4,4,0,4,4,1,2,2,1,1,1,1,2,2,1,2,2,1,2,1,1,2,2,1,2,2,0,3,3,1,2,2,1,1,1,1,1,1,1,2,2,1,1,1,1,2,2,1,2,2,Bangladesh,Student,Other,0,1,0,0,1,0,2,,,,0,There are  a few numbers of repetitive questions.i think the duplicate questions should have been removed ,37.42,27.02,12.21,18.49,262.14,36.29,29.9,38.81,15.67,12.8,18.11,28.26,25.71,15.16,22.11,10.94,18.24,9.33,12.2,16.03,34.22,59.48,60.7,9.13,5.74,61.5,9.81,6.97
169,0,4,4,0,4,4,0,4,4,0,4,4,1,2,2,0,2,2,0,4,4,0,3,4,0,3,4,1,4,4,0,5,4,0,4,3,0,4,3,0,4,5,1,5,5,1,3,2,0,3,4,1,2,3,0,2,1,0,2,2,1,4,4,1,4,4,0,4,3,1,3,3,0,4,4,0,4,4,0,4,4,0,4,4,Bangladesh ,Student,Other,0,1,0,0,0,0,1,,,,0,,67.15,31.62,52.69,20.46,14.54,39.1,29.99,13.63,32.27,63.14,39.14,16.6,22.63,18.79,9.43,17.27,25.45,16.73,15.47,14.62,11.76,16.25,12.62,15.1,10.13,13.6,11.61,11.52
173,0,2,4,1,2,2,0,1,1,1,1,1,1,2,2,1,1,1,0,2,2,1,4,4,1,1,2,1,1,1,0,2,2,0,4,4,0,1,2,1,4,5,1,1,1,1,1,1,1,1,1,1,1,1,1,1,1,1,1,1,0,5,5,1,1,1,1,1,1,1,1,1,1,1,1,1,1,1,1,1,1,1,4,1,Bangladesh ,Student,API user / client developer,0,1,0,0,0,0,1,"API is a necessary tool in web development and so the easier it is to understand it, the better.",Ofc.,Yeah.,1,Some questions were repeated like 1/3 was repeated. ,209.29,67.98,34.9,23.18,72.82,58.73,75.38,108.29,25.6,75.94,13.92,57.68,85.11,62.73,104.06,19.34,21.48,7.62,11.08,69.08,33.96,12.69,12.68,21.21,11.75,26.24,12.81,20.83
175,0,4,5,1,3,3,0,3,3,1,2,2,1,2,3,0,3,4,0,4,4,0,3,2,1,3,3,1,3,3,1,3,4,0,3,4,1,3,3,0,3,4,1,3,2,1,2,3,1,2,2,1,3,2,1,3,3,0,3,3,0,2,3,0,3,2,1,2,2,1,2,3,1,2,3,1,3,2,1,3,2,1,2,3,Bangladesh ,Student,Both API user and developer,0,1,0,0,1,0,2,I think this API readability is difficult for beginners it should be more simplified.,It need to be more simplification.,Yes i think API design practices is helping to more understand-ability and readability of APIs.,0,It is default to understand if the design was more simplified because everyone not understand the APIs design.,130.88,67.25,28.83,31.88,52.84,42.49,63.22,36.68,21.06,37.62,25.08,17.23,12.99,7.48,10.02,11.69,16.58,7.65,9.1,69.21,7.21,12.04,13.49,9.87,10.35,10.35,9.3,29.09
179,0,5,5,0,3,3,1,3,3,1,3,3,0,4,4,1,3,3,0,3,3,0,3,3,1,3,3,1,5,5,0,3,3,0,3,3,0,4,4,1,3,3,0,3,3,0,3,3,1,3,3,1,3,3,1,3,3,1,3,3,0,3,3,0,3,3,1,3,3,1,3,3,1,3,3,0,3,3,0,3,3,1,3,3,Bangladesh,Student,Other,0,1,0,0,1,0,1,,,,1,,142.55,43.24,23.65,19.61,66.13,93.6,45.48,36.22,52.13,46.33,34.35,24.9,49.37,57.97,35.19,26.25,27.59,14.53,25.76,21.95,10.18,14.76,12.61,11.93,20.66,13.36,16.45,10.55
180,0,2,1,0,1,1,1,2,1,1,1,1,1,1,1,1,1,1,0,2,1,0,2,3,0,3,3,1,2,3,1,3,2,0,2,2,0,3,3,1,3,2,0,3,2,1,2,2,0,3,2,1,2,1,1,2,2,1,2,2,1,2,2,1,2,2,0,2,2,0,3,2,1,2,2,1,2,2,1,3,3,1,3,3,Bangladesh,Student,Other,0,1,0,0,0,0,2,New in this field ,Yes,Yes,1,,74.02,44.99,378.92,17.05,27.68,34.26,55.89,95.77,31.64,17.65,36.41,36.49,35.62,25.7,18.94,18.9,14.65,9.88,15.29,14.1,24.13,18.25,12.08,12.95,9.2,40.73,34.29,9.11
192,0,2,2,1,1,1,1,1,1,1,2,2,0,2,3,1,1,1,0,2,2,1,1,1,1,2,2,1,1,1,1,3,4,0,2,2,1,2,2,1,4,4,1,2,2,1,1,2,1,2,2,1,1,1,1,1,2,1,2,2,0,5,5,1,2,2,1,2,2,1,2,2,1,1,2,1,1,2,1,4,4,1,4,4,Sweden,Teaching (Professor),API user only,0,0,1,0,1,0,2,,,,1,,48.29,188.92,69,17.46,24.99,30.49,26.34,105.36,45.87,13.44,93.71,37.07,32.23,70.69,15.5,12.3,29.18,45.33,20.99,21.07,72.31,70.43,86.13,16.82,45.47,60.83,65.04,15.07
202,0,4,4,0,4,4,0,2,2,1,1,1,1,3,3,1,3,3,0,3,3,0,2,2,0,2,2,0,4,4,0,3,3,0,4,4,1,3,3,0,3,3,1,1,1,1,1,1,1,2,2,1,1,1,1,1,1,1,1,1,1,1,1,0,2,2,1,1,1,0,2,2,1,3,3,0,3,3,0,2,2,0,3,3,Bangladesh ,Student,Other,0,1,0,0,4,0,2,Design needs to be more readable for users ,Yes,Yes,1,Design APIs more readable and understandable way,108.5,45.91,19.83,21.65,281.61,33.42,31.79,33.66,45.87,53.04,19.04,42.29,13.35,26.77,24.38,18.4,32.31,25.02,15.85,17.15,24.26,26.49,24.25,32.72,32.97,26.83,16.17,27.45
215,0,5,2,0,3,1,1,1,1,0,1,1,0,1,1,1,1,1,0,5,3,1,1,1,1,1,1,1,4,2,0,4,2,0,3,1,1,2,2,1,4,2,1,3,3,1,2,1,1,1,1,1,1,3,0,1,1,1,2,1,1,5,2,1,1,1,1,1,1,1,4,2,1,3,2,0,4,2,1,3,2,1,3,2,"Dhaka, Bangladesh",Software Engineer / Developer,Both API user and developer,1,0,0,0,1.5,0,1,"Some API naming convention is too much confusing. 
Be simple but informative.",Yes,Yes,0,"Some API naming convention is too much confusing. 
Be simple but informative",97.64,88.14,33.12,39.07,46.02,27.96,108.35,14.36,24.97,54.36,69.43,36.26,78.68,36.36,50.54,92.53,19.29,25.95,15.72,36.07,32.67,20.03,13.83,16.68,14.93,32.64,19.57,12.76
220,0,2,2,0,1,1,1,2,2,1,3,2,0,2,1,0,1,1,0,1,1,0,2,2,0,2,2,0,1,1,0,1,1,0,2,2,0,1,1,0,1,1,0,4,3,0,3,2,1,1,1,0,2,1,0,2,2,0,2,2,0,2,2,0,4,3,0,2,2,0,2,2,0,2,2,0,2,2,0,2,2,0,2,2,Bangladesh,Student,No Idea,0,1,0,0,0,0,1,"Sir, we miss you badly.
Rubaet(Hope you remembers🙃)",No idea,No idea,1,Its good.,13.69,32.5,25.68,29.3,12.69,9.74,18.07,26.72,6.99,12.65,19.4,32.14,24.6,15.28,24.9,20.99,25.82,9.91,20.63,12.64,19.13,11.1,5.34,13.04,10.05,17.54,11.53,14.36
241,1,2,2,0,2,2,0,1,1,1,1,1,0,2,2,0,2,2,1,4,4,1,3,3,1,2,2,0,3,3,0,3,3,0,2,2,0,2,2,0,4,4,1,1,1,0,3,2,1,3,2,1,2,3,0,2,2,1,2,1,0,2,2,1,2,2,1,1,1,0,1,1,0,2,2,0,2,2,0,3,3,0,3,3,Bangladesh,Student,API developer / designer,0,1,0,0,1,1,1,learner,no,yes,0,can make this more understandable for all,154.77,95.47,30.05,18.01,22.76,65.35,69.72,49.19,63.31,70.35,40.44,118.21,154.75,49.61,18.96,107.03,64.44,62.68,29.49,73.23,62.23,433.18,32.41,30.32,23.6,46.66,61.86,17.36
243,1,4,3,0,3,3,0,4,4,0,2,3,0,4,3,0,4,4,0,3,3,0,3,3,1,3,4,1,2,2,1,3,3,1,4,4,1,3,3,0,4,4,1,1,1,1,2,2,1,2,2,0,2,1,1,2,1,1,1,2,1,1,1,1,1,1,1,2,2,1,2,2,1,1,1,1,1,1,1,2,1,1,2,2,Bangladesh,Student,API user / client developer,0,1,0,0,1,0,0,,,,1,,36.43,170.4,62.78,71.94,64.63,16.09,53.71,26.58,17.94,41.25,16.16,16.96,58.38,16.37,33.11,103.67,38.15,9.76,23.52,18.35,42.54,33.11,15.31,34.75,10.66,16.31,18.34,50.54
244,1,3,3,0,4,4,1,4,4,0,3,3,0,4,4,1,4,4,0,4,4,0,4,4,1,2,2,1,1,1,0,3,3,0,3,3,1,2,2,1,1,1,1,2,2,1,1,1,1,4,4,1,2,2,1,2,2,1,4,3,1,2,2,1,3,3,0,2,3,1,4,4,1,3,3,1,1,1,0,2,2,1,2,2,Bangladesh,Student,Both API user and developer,0,1,0,0,2,0,0,,,,1,,23.63,85.77,19.85,11.16,78.25,15.11,18.62,11.35,34.48,15.2,120.14,25.29,12.15,10.04,18.13,29.44,12.12,21.57,27.31,23.37,61.08,31.76,26.36,13.55,12.79,51.72,29.95,22.26
245,0,4,4,1,3,3,0,2,3,0,2,3,0,4,5,0,3,4,0,4,3,0,4,3,1,4,5,1,4,5,1,4,3,0,4,4,0,4,3,1,2,1,1,2,3,1,1,1,0,2,3,1,3,1,0,3,2,0,2,1,0,2,3,1,1,1,1,1,1,1,1,1,1,1,2,1,1,1,1,2,1,1,1,1,Bangladesh,Student,Both API user and developer,0,1,0,0,3,1,1,,,,1,,12.32,16.08,16.72,27.72,10.06,24.68,9.64,15.52,10.85,24.01,15.37,48.12,12.83,72.58,13.78,78.12,61.75,11.36,13.73,7.61,15.73,16.11,17.1,14.58,14.91,41.27,11.91,15.72
246,0,3,4,1,2,2,0,3,3,1,1,1,0,5,5,1,4,5,0,2,3,1,4,3,0,3,4,1,4,4,0,4,3,1,3,4,0,5,5,1,5,5,0,2,1,1,2,1,1,1,1,1,1,1,0,1,1,1,2,1,1,1,2,1,1,1,1,1,2,1,2,1,1,2,1,1,1,1,1,2,1,1,1,1,Bangladesh,Student,Both API user and developer,0,1,0,0,2,0,0,,,,1,,16,37.93,10.37,20.67,11.61,17.72,37.97,11.87,28.87,11.42,80.39,20.04,16.75,13.72,15.26,91.31,17.75,13.5,17.84,53.23,10.68,12.33,10.52,40.03,18.63,34.38,17.63,30.73
247,1,3,4,1,3,2,1,3,3,1,4,4,1,4,3,0,3,4,1,3,4,0,4,3,0,4,4,1,4,3,0,4,3,1,3,3,1,2,3,1,3,4,0,1,2,1,1,2,1,1,2,1,1,1,0,1,2,1,1,2,1,1,1,1,1,1,1,1,1,1,1,1,1,2,1,1,2,1,1,2,1,1,1,1,Bangladesh,Student,API developer / designer,0,1,0,0,2,0,0,,,,1,,22.84,16.83,21.79,26.69,9.52,12.29,69.68,13.6,30.55,11.72,38.26,7.76,11.93,7.67,10.93,12.11,13.84,10.18,27.62,15.99,10.1,15.19,22.22,15.55,9.58,10.96,11.29,20.05
248,0,3,4,0,4,5,0,2,2,1,4,5,0,5,4,0,4,4,0,5,4,0,4,4,0,4,5,1,2,2,1,3,4,1,4,4,0,4,3,0,4,5,0,3,3,1,2,1,0,2,1,1,2,1,1,2,1,1,1,1,1,2,2,1,2,1,1,2,2,1,2,1,1,2,1,1,2,3,0,3,3,0,3,3,Bangladesh,Student,Both API user and developer,0,1,0,0,1,0,0,,,,1,,6.94,9.63,12.33,11.62,6.46,7.09,8.01,15.56,11.35,10.5,37.25,24.42,9.4,10.1,13.17,22.29,9.9,31.2,17.99,10.85,21.2,10.27,8.55,18.94,16.29,8.94,12.44,12.7
249,1,2,4,1,3,4,1,3,3,1,4,4,1,3,4,1,2,4,1,4,4,0,4,3,1,3,2,1,3,2,0,3,4,1,3,3,1,4,4,1,2,3,0,1,2,1,2,2,1,2,2,1,2,1,1,2,2,1,1,1,1,2,1,1,2,1,0,2,1,1,2,1,1,2,2,1,2,3,1,2,1,1,1,1,Bangladesh,Student,Both API user and developer,0,1,0,0,1,0,0,,,,1,,10.37,13.92,13.83,7.07,24.76,7.61,10.2,19.16,7.06,34.86,10.58,8.68,10.69,10.08,9.76,10.01,12.68,30.18,13.88,12.99,7.15,8.32,6.62,12.42,9.58,6.48,7.74,30.45
250,0,3,4,0,4,5,0,3,4,0,4,5,0,3,4,0,3,3,1,4,3,1,3,4,0,3,4,1,4,5,0,4,4,1,4,4,1,4,4,1,3,2,0,1,1,0,2,1,1,1,1,1,2,1,1,2,1,1,2,2,1,2,1,1,1,2,1,2,1,1,2,1,1,2,1,1,1,1,1,2,2,1,2,2,Bangladesh,Student,API user / client developer,0,1,0,0,3,1,2,,,,1,,15.88,5.67,7.12,6.76,78.42,8.16,5.65,6.34,6.65,34.88,13.53,13.47,11.8,32.66,8.57,10.75,22.05,9.03,8.6,28.45,8.31,10.75,30.2,10.24,9.88,8.59,31.79,41.85
251,1,3,3,1,3,3,0,4,4,0,3,4,0,4,4,1,4,5,0,4,5,1,3,3,1,4,4,1,4,4,0,4,4,1,4,4,0,4,4,1,3,3,0,1,2,1,2,1,1,1,2,1,2,2,1,2,3,1,2,2,1,1,1,1,2,1,1,2,1,1,1,1,1,2,2,1,2,2,1,1,1,1,1,2,Bangladesh,Software Engineer / Developer,API user / client developer,1,0,0,0,2,0,0,,,,1,,14.2,15.02,11.42,45.21,30.62,14.84,10.71,19.42,30.46,11.2,25.63,15.62,27.23,10.99,10.63,40.71,14.6,20.93,17.46,10.89,20.89,8.47,10.01,47.57,9.87,44.92,13.87,6.88
252,1,3,3,1,4,4,1,4,3,0,4,4,1,4,4,0,3,3,0,4,4,1,4,5,1,4,4,1,4,4,0,4,4,1,5,5,1,3,3,1,4,4,0,1,1,1,1,2,1,2,2,1,2,2,1,2,2,1,1,1,1,2,1,1,2,2,1,2,2,1,2,3,0,4,3,1,3,3,1,2,1,1,1,2,Bangladesh,Student,Both API user and developer,0,1,0,0,1,0,0,,,,1,,9.69,92.71,7.41,7.24,19.03,36.54,19.66,18.81,23.32,22.82,10.9,14.08,7.68,66.4,6.62,9.05,7.02,8.98,12.83,11.09,6.69,18.32,10.07,6.79,13.93,10.23,6.32,13.3
253,1,3,2,1,3,2,1,3,4,0,4,4,1,4,4,0,4,3,0,2,3,1,4,4,1,4,4,1,4,3,0,4,4,0,3,4,0,4,5,0,5,4,0,2,2,1,2,2,1,2,1,1,2,1,1,2,1,1,1,1,1,1,2,1,2,1,1,2,3,1,1,1,1,2,1,1,2,1,1,2,1,1,2,1,Bangladesh,Student,API user / client developer,0,1,0,0,2,1,0,,,,1,,14.29,8.82,6.55,7.82,10.1,11.06,6.85,13.36,7.52,36.44,8.32,8.67,6.77,16.94,5.71,79.81,7.45,7.21,5.69,8.43,9.6,7.37,11.15,14.03,15.62,19.48,7.25,9.29
254,1,3,3,0,3,4,0,4,4,1,4,3,1,4,3,1,4,4,1,4,5,1,3,4,0,4,4,0,4,5,1,5,5,0,4,4,0,4,4,1,4,4,0,2,2,1,2,1,0,1,1,1,2,2,1,2,1,1,2,1,1,1,1,1,2,2,1,1,1,1,1,1,1,2,2,1,2,2,1,1,1,1,2,2,Bangladesh,Student,Both API user and developer,0,1,0,0,3,0,0,,,,1,,14.99,7.65,9.1,8.17,10.47,6.18,43.87,8.18,8,7.29,6.2,7.84,5.48,7.33,8.84,31.1,20.11,6.59,17.26,12.29,16.8,8.13,12.52,17.92,12.47,11.61,14.49,6.85
255,0,4,4,1,4,4,1,4,4,1,4,5,0,4,4,0,4,4,0,4,5,1,4,5,1,5,5,1,5,4,1,4,4,1,5,5,0,5,5,1,4,4,0,2,1,1,1,1,0,1,1,1,1,1,1,1,1,1,1,1,1,2,1,1,2,1,1,2,1,1,1,1,1,2,1,1,1,1,1,2,2,1,2,2,Bangladesh,Student,API user / client developer,0,1,0,0,1,0,0,,,,1,,9.62,11.86,8.08,9.11,9.58,6.44,10.74,10.13,57.97,5.53,11.31,5.81,8.91,7.64,7,8.6,13.78,20.19,9.66,8.24,16.01,11.25,11.83,30.18,9.2,7.89,8.36,10.44
256,0,4,4,0,4,3,1,5,5,1,4,4,0,4,5,0,4,4,0,4,5,0,3,4,0,4,5,0,4,4,1,4,4,1,4,4,0,3,4,1,5,4,0,2,2,1,1,1,0,2,2,1,1,1,1,1,1,0,2,2,1,2,1,1,1,3,1,1,1,0,1,2,1,1,1,1,2,1,1,1,1,1,1,1,Bangladesh,Student,API user / client developer,0,1,0,0,2,0,0,,,,1,,8.26,17.59,16.91,37.61,30.33,11.99,58.23,26.75,26.67,11.65,7.67,103.41,11.68,22.93,16.14,11.75,19.94,9.2,18.37,21.04,5.75,8.13,16.03,10.8,15.36,6.9,23.15,5.94
257,1,2,3,1,3,3,0,3,4,0,4,3,1,3,4,0,4,4,0,4,4,1,4,4,1,4,4,1,4,4,0,4,5,1,4,4,0,4,3,0,5,5,0,2,2,1,1,1,0,2,1,1,2,2,1,2,1,1,2,2,1,1,1,1,1,2,1,2,1,1,2,1,1,2,2,1,2,1,1,1,2,1,2,2,Bangladesh,Student,API user / client developer,0,1,0,0,1,0,0,,,,1,,13.79,30.85,18.7,26.29,7.23,17.75,8.07,41.2,6.42,9.91,36.06,13.18,12.03,21.82,8.39,28.01,6.26,7.92,8.71,22.4,30.73,10.02,8.07,10.72,21.37,6.1,16.04,15.08
258,1,3,3,1,4,4,1,4,4,1,4,3,1,3,4,1,4,4,1,3,3,1,4,3,1,3,4,1,4,4,1,3,3,0,4,3,1,4,5,0,4,4,0,1,1,1,2,2,0,1,2,1,1,1,1,1,2,1,2,1,1,2,1,1,2,1,1,2,1,1,2,1,1,2,1,1,2,1,1,5,4,1,2,1,Bangladesh,Student,API user / client developer,0,1,0,0,2,0,0,,,,1,,17.01,18.71,39.76,16.51,11.74,43.73,40.2,25.17,12.16,27.39,6.51,37.21,7.36,36.76,8.43,31.7,11.46,27.92,8.94,9.18,5.69,10.79,27.26,8.8,16.89,16.43,10.02,33.22
259,0,2,3,1,3,4,0,4,5,0,4,4,0,4,3,0,4,4,1,4,4,1,4,5,0,5,4,1,3,4,1,3,4,0,3,4,0,4,4,0,4,4,0,1,1,1,2,1,0,2,1,1,2,2,1,2,1,1,1,2,1,2,2,1,2,1,1,1,1,1,2,1,1,2,1,1,1,1,1,1,1,1,2,2,Bangladesh,Student,Both API user and developer,0,1,0,0,2,1,0,,,,1,,17.17,33.39,8.33,37.68,21,37.42,33.47,20.43,18.4,25.12,9.35,13.15,15.65,21.84,21.78,9.34,8.17,20.03,15.6,18.17,11.86,15.34,15.79,13.44,8.98,5.37,21.37,72.14
260,1,3,4,0,3,4,1,4,4,1,5,4,1,4,5,1,4,4,0,4,4,0,4,4,1,4,3,0,5,5,1,4,5,1,4,4,0,4,5,1,4,3,0,2,1,1,2,2,0,2,2,1,4,1,1,4,3,1,2,1,1,1,2,1,2,1,1,2,1,1,2,2,1,2,1,1,2,1,1,2,2,1,1,1,Bangladesh,Software Engineer / Developer,API user / client developer,1,0,0,0,3,1,1,,,,1,,20.49,23.75,30.89,42.1,22.3,34.48,19.07,30.02,7.19,9.46,6.42,7.45,9.04,10.91,9.22,17.84,9.54,15.39,18.75,8.95,16.8,12.47,12.89,14.53,23.88,11.71,16.52,10.22
261,0,4,4,0,4,4,1,4,4,0,4,3,0,3,4,0,4,5,1,5,5,0,4,4,0,4,4,1,4,4,1,4,4,0,4,4,0,4,4,1,4,4,0,2,1,1,2,2,0,1,1,1,1,1,1,1,2,1,1,1,1,2,1,1,2,2,1,2,1,1,2,1,1,1,1,1,1,1,1,2,1,1,1,2,Bangladesh,Software Engineer / Developer,API user / client developer,1,0,0,0,2,0,0,,,,1,,6,34.92,16.21,20.16,23.66,10.96,41.9,8.04,27.83,38.73,10.89,49.77,29.56,18,19.96,15.55,9.55,7.27,24.13,18.27,15.68,9.9,9.2,10.54,6.21,14.13,42.16,10.45
262,0,4,5,0,4,5,0,3,4,0,4,4,0,5,5,0,4,4,0,4,4,0,4,4,0,4,4,0,4,5,0,4,5,0,4,4,0,4,4,0,4,4,0,2,1,1,1,1,0,1,2,1,2,2,1,2,1,1,2,1,1,2,1,1,2,1,1,2,2,1,1,1,1,2,1,1,2,1,1,2,1,1,2,1,Bangladesh,Teaching (Professor),API user / client developer,0,0,1,0,3,1,3,na,yes,yes,1,,26.95,24.55,16.91,11.15,25.15,19.49,17.1,9.65,15.04,10.52,45.25,24.65,24.89,11.91,5.73,10.27,9.39,10.65,13.66,11.91,6.52,17.26,23.88,16.94,16.55,23.1,6.49,18.72
263,0,4,4,1,4,4,1,4,3,0,4,5,0,4,4,0,4,4,0,4,5,0,4,5,1,4,5,0,4,4,1,4,5,0,4,4,0,4,4,0,5,4,0,2,1,1,2,1,1,1,2,1,3,1,1,3,2,1,2,1,1,1,2,1,2,1,1,2,1,1,2,2,1,2,2,1,2,1,1,2,2,1,2,1,Bangladesh,Student,API user / client developer,0,1,0,0,1,0,0,no,no,no,1,,13.49,12.27,8.76,11.26,13.65,36.53,20.14,37.36,15.53,19.39,29.61,6.83,49,25.36,9.8,8.74,15.96,9.08,7.65,10.55,9.58,7.54,8.1,9.66,23.06,10.17,25.57,6.45
264,1,4,4,0,4,4,1,4,5,1,4,4,0,4,5,0,4,4,1,3,4,0,4,5,0,4,4,1,4,3,0,5,4,0,4,5,0,4,5,0,4,4,0,1,2,1,2,1,0,2,2,1,2,1,1,2,2,1,2,2,1,2,1,1,2,1,1,2,1,1,2,2,1,2,2,1,2,1,1,2,2,1,2,2,Bangladesh,Student,API user / client developer,0,1,0,0,2,0,0,,,,1,,11.85,17.02,36.95,16.9,33.52,33.5,27.94,43.96,22.55,7.48,25.46,12.3,17.02,9.53,5.93,15.45,10.2,7.09,10.86,18.13,6.48,23.51,12.31,11.45,17.08,16.15,9.16,64.95
265,1,4,4,0,4,4,0,4,4,0,4,4,0,4,4,0,4,5,0,4,4,0,4,5,1,5,5,1,4,4,1,4,5,0,4,5,0,5,4,0,4,4,0,2,3,1,2,2,0,2,1,1,2,1,1,2,1,1,2,1,1,4,4,1,2,1,1,2,1,1,2,1,1,2,1,1,2,1,1,2,1,1,2,2,Bangladesh,Student,API user / client developer,0,1,0,0,1,0,0,,,,1,,29.56,36.41,22.22,26.11,17.01,13.1,11.11,12.98,11.23,11.14,21.79,11.6,12.21,8.04,15.44,15.93,6.23,16.73,18.4,15.41,16.53,8.74,9.35,15.73,7.09,13.06,14.19,11.25
266,0,4,4,0,4,4,1,3,3,0,4,4,1,4,3,0,4,4,0,4,4,0,4,4,0,4,4,1,4,4,0,4,4,0,4,4,0,4,4,0,4,4,0,2,2,1,2,1,0,2,2,1,2,2,1,2,2,1,2,1,1,2,2,1,2,1,1,2,2,1,2,1,1,1,1,1,2,2,1,2,2,1,2,1,Bangladesh,Student,API user / client developer,0,1,0,0,2,0,0,,,,1,,11.26,20.35,10.78,13.97,6.37,26.37,29.55,25.22,18.39,15.05,27.02,8.12,27.45,20.6,27.41,8.81,10.94,17.86,11.35,10.82,4.98,6.99,24.26,12.8,7.95,12.08,6.41,8.97
267,0,4,4,0,4,4,0,4,3,0,4,4,1,4,4,0,4,4,0,4,4,0,4,5,0,4,4,0,4,4,1,4,4,0,5,5,0,4,5,0,4,4,0,2,2,1,2,1,0,2,1,1,2,2,1,2,1,1,2,1,1,2,2,1,1,1,1,2,2,1,1,1,1,2,2,1,2,1,1,2,1,1,2,2,Bangladesh,Student,API user / client developer,0,1,0,0,1,0,0,,,,1,,40,32.18,11.59,11.07,14.74,12.88,19.63,13.48,16.06,19.88,14.67,31.5,51.03,19.82,26.56,11.52,11.52,15.14,8.69,11.37,8.41,19.13,13.77,13.85,9.58,10.67,9.88,5.23
268,0,4,4,0,4,4,1,3,3,0,4,4,1,4,4,1,4,4,1,4,5,0,4,5,0,4,4,1,4,4,1,4,4,0,5,5,1,3,4,0,4,4,1,2,2,1,2,1,0,2,1,1,1,1,1,1,1,1,1,1,1,2,1,1,2,1,1,2,1,1,1,1,1,1,1,1,1,1,1,2,2,1,2,1,Bangladesh,Student,API user / client developer,0,1,0,0,2,0,0,,,,1,,51.82,22.42,7.88,15.88,13.72,15.06,13.69,20.07,78.75,16.72,5.82,6.67,25.49,19.02,16.35,11.05,22.29,11.9,9.04,29.28,9.35,7.12,27.39,9.11,7.45,10.79,15.58,14.28
269,0,4,4,0,4,5,0,4,3,0,4,4,0,4,4,0,4,5,0,4,5,0,4,4,1,3,4,0,4,4,0,4,4,0,4,4,0,5,5,0,4,5,1,1,1,1,2,1,0,1,1,1,2,1,1,2,1,1,2,1,1,1,1,1,2,1,1,1,1,1,1,1,1,2,1,1,1,1,1,2,1,1,1,1,Bangladesh,Student,API user / client developer,0,1,0,0,2,0,0,,,,1,,11.13,7.96,7.72,16.96,6.29,14.59,19.22,9.16,23.55,14.99,7.62,38.16,38,20.37,11.13,11.45,9.87,13.76,8.96,10.93,8.2,6.9,12.2,13.05,9.16,8.8,6.74,14.17
270,0,4,4,0,4,5,0,4,5,1,4,5,1,4,5,0,4,4,0,4,5,1,3,3,0,4,5,0,4,4,0,4,4,0,4,5,0,4,5,0,4,5,1,2,1,1,2,1,0,2,1,1,2,1,1,2,1,1,2,1,1,2,2,1,2,1,1,1,1,1,2,1,1,2,1,1,2,1,1,1,1,1,1,1,Bangladesh,Student,API user / client developer,0,1,0,0,2,0,0,,,,1,,6.53,20.7,25.94,17.79,24.39,7.98,43.53,11.99,13.29,9.33,10.65,25.71,12.32,14.53,25.99,14.99,11.5,11.3,12.14,14.29,8.76,27.87,26.28,19.76,18.28,5.32,9.7,11.38
271,0,4,4,0,5,4,1,4,4,0,4,4,0,4,4,0,4,4,0,4,5,0,4,4,1,3,3,1,4,4,0,3,4,1,4,4,1,3,4,0,5,5,1,2,1,1,1,1,0,1,1,1,2,1,0,2,1,1,1,1,1,1,1,1,2,2,1,1,1,1,2,1,1,1,1,1,2,1,1,1,1,1,2,1,Bangladesh,Software Engineer / Developer,API user / client developer,1,0,0,0,2,0,0,,,,0,,16.19,34.71,23.97,36.51,27.09,55.01,30.88,35.17,17.47,8.07,17.08,14.51,7.16,22.89,9.4,19.43,6.37,29.16,16.83,7.85,28.27,8.05,7.12,20.33,39.48,5.73,12.47,7.83
272,0,4,5,0,4,4,0,4,4,1,4,4,0,4,4,0,4,4,0,4,4,1,3,3,1,4,4,0,4,4,0,4,4,1,4,4,0,4,4,0,4,4,1,2,2,1,2,2,0,2,1,1,1,1,1,1,1,1,1,1,1,1,1,1,1,1,1,1,1,1,2,1,1,2,1,1,1,1,1,1,1,1,1,1,Bangladesh,Software Engineer / Developer,Both API user and developer,1,0,0,0,1,0,0,,,,1,,6.23,53.04,6.9,6.54,22.83,40.33,8.36,85.78,34.02,37.57,11.11,27.18,14.69,31.05,6.3,28.59,7.32,9.21,31.69,6.2,6.05,7.06,6.26,21.56,9.4,25.44,14.14,17.43
273,0,4,5,0,4,5,1,4,4,1,4,5,0,4,5,0,4,4,0,4,5,0,4,4,0,4,5,0,4,4,1,4,4,1,4,4,0,4,4,0,4,5,1,1,1,1,2,1,0,2,1,1,2,1,1,2,1,1,1,1,1,2,1,1,2,1,1,2,1,1,2,2,1,2,1,1,2,1,1,2,1,1,2,1,Bangladesh,Student,API user / client developer,0,1,0,0,1,0,0,,,,1,,40.22,24.62,46.21,12.63,53.07,16.43,31.06,21.37,29.55,35.36,14.69,23.07,32.13,37.44,13.34,34.21,6.62,41.49,34.16,53.77,17.47,33.98,13.1,6.1,18.58,23.27,14.2,29.18
274,0,4,5,0,4,4,0,4,5,0,4,5,1,4,5,0,4,5,0,4,5,0,4,4,0,4,5,1,4,5,1,4,5,0,4,4,0,4,4,0,4,4,1,2,1,1,1,1,0,2,2,1,2,1,1,2,2,0,1,1,1,1,2,0,2,2,0,2,2,1,2,1,1,1,1,1,2,1,1,2,1,1,2,1,Bangladesh,Student,API user / client developer,0,1,0,0,2,0,0,,,,1,,29.6,30.49,30.64,24.01,14.43,45.91,4.85,9.4,14.36,8.77,29.93,16.47,16.63,27.01,30.98,21.26,9.28,32.09,15.82,14.84,5.53,16.71,8.18,6.16,53.16,5.47,14.41,14.06
275,0,3,3,1,3,3,1,4,4,0,4,4,1,4,5,1,4,4,0,4,4,0,4,4,1,3,3,1,3,3,0,4,5,0,5,5,0,4,4,0,2,4,1,2,2,1,2,1,0,2,1,1,2,2,1,2,2,1,2,1,1,2,1,1,2,1,1,2,2,1,1,1,1,2,1,0,2,3,1,2,3,0,2,3,Bangladesh,Teaching (Professor),API user / client developer,0,0,1,0,4,1,2,,,,1,,10.08,42.6,54.2,21.37,12.49,34.24,22.87,25.74,42.63,16.72,11.29,25.77,24.27,23.77,44.82,12.8,8.75,18.05,25.56,9.11,38.77,10.19,15.66,27.21,5.64,9.14,25.59,6.61
276,0,4,4,1,1,1,0,3,3,1,1,1,1,4,4,1,3,4,0,4,4,1,5,5,0,4,4,1,1,1,1,3,3,0,5,5,0,4,4,1,3,3,1,2,2,1,3,3,1,2,2,1,3,2,1,3,3,1,1,1,1,2,2,1,2,2,1,2,2,1,2,2,1,2,2,1,4,4,1,3,3,1,3,3,Canada,Student,Both API user and developer,0,1,0,1,1,0,1,good,yes,yes,1,add an instruction in the beginning,81.19,3649.28,28.5,14,127.76,37.86,51.79,29.71,69.82,13.53,34.72,216.51,71.63,79.71,18.52,10.37,11.27,8.16,17.7,15.65,21.7,12.34,11.07,11.59,9.22,32.18,10.63,13.53
277,0,4,5,0,4,5,1,4,5,0,4,3,1,3,3,0,4,5,1,4,4,1,2,2,0,4,4,0,4,3,0,4,4,0,4,4,0,4,4,1,2,2,1,2,1,1,2,1,0,1,1,1,1,2,1,1,1,1,2,2,1,2,1,1,2,2,1,2,1,1,2,1,1,1,1,1,1,1,1,2,2,1,2,1,Bangladesh,Student,API user / client developer,0,1,0,0,2,0,0,,,,1,,19.37,19.37,12.73,37.18,14.87,27.67,26.78,11.62,77.82,6.09,20.38,7.56,27.7,16.86,14.22,9.65,16.24,15.3,21.12,27.17,18.42,9.51,17.46,13.72,32.95,18.56,13.51,20.78
278,0,4,4,1,3,3,1,4,4,1,3,3,0,3,3,0,4,4,1,4,4,0,4,4,1,2,2,1,2,3,1,4,4,0,4,4,0,4,4,0,4,4,1,2,2,1,1,1,0,1,2,1,2,1,1,2,2,1,1,1,1,1,1,1,2,2,1,2,1,1,2,3,1,2,1,1,2,1,1,1,1,1,2,2,Bangladesh,Student,API user / client developer,0,1,0,0,2,0,0,,,,1,,22.73,26.72,25.48,31.88,52.68,72.09,33.25,53.06,34.66,18.13,18.92,23.76,16.23,38.99,17.97,29.5,29.96,37.88,27.19,27,46.27,16,24.44,14.3,22.43,14.9,33.82,21.45
279,1,3,3,0,4,4,1,4,4,1,4,4,0,4,4,0,4,5,0,4,4,0,4,4,1,3,3,1,2,2,1,3,4,0,4,4,0,4,4,1,3,3,1,2,1,0,2,1,0,1,1,1,2,2,1,2,2,1,2,1,1,2,2,1,1,1,1,1,1,1,2,1,0,3,3,0,3,3,1,2,2,1,2,2,Bangladesh,Teaching (Professor),API user / client developer,0,0,1,0,3,1,2,,,,1,,13.1,30.12,31.12,43.27,24.89,65.56,20.66,27.85,43.68,31.38,35.87,23.17,27.6,25.26,25.23,21.07,26.8,25.3,20.94,63,29.53,13.76,13.88,22.45,14.68,17.26,15.59,18.35
280,0,4,4,0,4,4,1,4,4,1,4,4,0,4,4,0,4,4,1,4,4,0,4,4,1,4,4,0,4,4,1,4,4,0,3,4,0,4,4,0,4,4,1,2,2,1,2,1,0,2,2,1,2,2,1,2,3,1,2,2,1,2,1,1,2,1,1,2,2,1,2,2,1,2,2,1,2,1,1,2,2,1,2,1,Bangladesh,Student,API user / client developer,0,1,0,0,2,0,0,,,,1,,35.81,37.82,35.17,36.21,78.83,23.48,17.48,48.74,33.3,36.39,36.45,26.76,46.63,27.98,9.12,30.4,14.41,17.99,12.71,18.98,15.35,15.27,12.43,21.02,5.66,12.54,11.25,28.17
281,1,4,4,0,4,4,1,4,4,1,4,3,0,4,4,1,3,4,1,4,4,0,3,4,1,3,3,0,4,3,1,4,3,0,4,4,0,4,4,0,4,4,1,2,1,1,1,1,0,2,2,1,2,1,1,2,1,1,2,1,1,1,1,1,2,2,1,2,2,1,2,2,1,1,1,1,1,1,1,1,1,1,2,1,Bangladesh,Student,API user / client developer,0,1,0,0,1,0,0,,,,1,,36.6,19.19,26.96,22.41,37.61,24.02,19.23,20.79,26.32,29.46,22.48,17.71,25.61,37.92,14.49,19.04,19.61,23.92,14.58,19.57,11.94,19.79,26.86,16.71,24.61,35.85,13.19,7.59
282,0,4,5,0,4,5,1,4,4,1,4,4,0,4,4,0,4,5,1,4,4,1,4,4,1,4,4,1,3,3,0,3,4,0,4,4,0,4,4,1,3,3,1,3,3,1,1,1,0,1,1,1,2,1,0,2,1,0,2,2,1,2,2,1,2,2,1,2,1,1,2,2,0,2,2,0,3,3,1,2,2,1,2,1,Canada,Researcher,API user / client developer,0,0,0,1,2,0,0,,,,1,,20.62,27.63,30.82,20.12,19.24,37.56,23.13,45.84,41.94,12.64,20.33,16.21,9.12,13.66,11.39,27.04,18.59,31.93,17.1,35.99,19.89,16.73,16.33,11.51,16.16,13.28,11.5,24.38
283,0,5,5,1,4,3,0,3,2,1,4,4,0,3,3,1,4,4,0,3,3,0,4,5,1,3,3,0,4,4,1,3,4,0,4,5,1,4,5,0,4,4,1,2,1,1,2,2,0,2,2,1,3,1,0,3,3,0,3,3,1,2,1,1,2,2,1,1,1,1,2,2,1,1,1,0,3,3,1,2,1,1,2,2,Bangladesh,Software Engineer / Developer,API user / client developer,1,0,0,0,2,1,3,,,,1,,38.8,13.65,13.53,28.63,32.49,27.51,30.68,13.75,35.55,24.82,17.1,22.28,11.6,22.68,32.59,18.99,16.67,18.19,8.68,16.79,13.21,19.56,50.77,10.42,22.95,11.36,205.29,28.26
284,1,3,3,0,4,4,1,3,3,1,4,4,0,3,3,0,4,4,1,4,4,0,3,3,1,4,4,1,2,2,0,4,4,0,4,3,0,4,4,0,3,3,1,2,2,1,2,2,0,2,2,1,2,1,1,2,2,1,1,1,1,2,2,1,1,1,1,2,2,1,2,2,1,1,1,1,3,3,1,1,1,0,2,2,Bangladesh,Software Engineer / Developer,API user / client developer,1,0,0,0,2,1,2,,,,1,,40.52,18.18,84.97,40,28.12,27.09,15.55,20.61,22.24,41.6,22.05,16.3,25.86,18.34,22.11,28.45,27.37,20.82,22.4,13.82,20.07,26.35,44.55,21.64,27.96,52.21,19.14,10.08
285,0,4,4,1,1,1,0,4,4,1,3,3,0,4,4,1,3,3,0,3,3,0,4,4,1,3,3,1,3,3,1,3,3,0,3,3,0,3,3,1,3,3,1,2,2,1,2,2,0,3,2,1,1,1,0,1,1,1,1,1,1,2,2,1,2,3,1,1,1,1,2,2,1,1,1,1,3,3,1,2,2,1,1,1,Bangladesh,Student,Both API user and developer,0,1,0,0,3,1,2,,,,1,,45.99,27.89,29.23,58.37,24.01,10.78,174.74,25.37,30.89,10.34,19.39,23.7,13.72,15.89,17.31,16.1,23.67,15.51,47.55,11.86,13.33,25.91,11.01,20.36,15.5,9.51,11.94,16.78
